{"i":10,"f":99.9000015258789,"b":true,"v":{"x":1.9800000190734864,"y":2.75,"z":0.0},"str":"JSON Test String","iArray":[1,1,3,5,8,13,21,34,55],"iList":[0,2,4,6,8]}