{"i":10,"f":99.9000015258789,"b":true,"v":{"x":-4.400000095367432,"y":-1.100000023841858,"z":0.0},"str":"JSON Test String","iArray":[1,1,3,5,8,13,21,34,55],"iList":[0,2,4,6,8]}